UserName,UserId,PostTime
Irj,peifuu,2018-6-17 22:07
法k^,100012429967945,2018-6-17 20:45
Lㄎ┥,100001988051354,2018-6-17 20:26
缠到城,wewe.chung,2018-6-17 19:43
M,100006501944538,2018-6-17 19:01
Amy Chiou,100003325488317,2018-6-17 15:26
\m言,100001675193842,2018-6-17 12:11
Ethan Wang,ethan.wang.779,2018-6-17 0:58
标,badpigyou,2018-6-17 0:47
独醇,100005887323485,2018-6-16 23:45
嘲lW,huber0203,2018-6-16 20:17
朝劾s,100005268763208,2018-6-16 19:55
Tan Cee Wei,100007824857732,2018-6-16 19:45
